{
    "gen_3_high": {
        "(32, 12, 64)": {
            "qps": 55445.5604964265,
            "avg_recall": 0.242353804746758
        },
        "(40, 15, 80)": {
            "qps": 40991.3791276505,
            "avg_recall": 0.28427163734234934
        },
        "(48, 18, 96)": {
            "qps": 34122.8333280443,
            "avg_recall": 0.33189492181417796
        },
        "(56, 21, 112)": {
            "qps": 34590.7584832183,
            "avg_recall": 0.3446737994083235
        },
        "(64, 24, 128)": {
            "qps": 25280.708007059,
            "avg_recall": 0.38916075360900415
        }
    },
    "gen_3_low": {
        "(32, 12, 64)": {
            "qps": 32428.4167427073,
            "avg_recall": 0.544830828007641
        },
        "(40, 15, 80)": {
            "qps": 23714.9184499922,
            "avg_recall": 0.6368327882624741
        },
        "(48, 18, 96)": {
            "qps": 22807.2145021626,
            "avg_recall": 0.6982007660995929
        },
        "(56, 21, 112)": {
            "qps": 18459.2284339339,
            "avg_recall": 0.732815265984578
        },
        "(64, 24, 128)": {
            "qps": 16230.6816664913,
            "avg_recall": 0.7610889415624031
        }
    },
    "gen_3_random": {
        "(32, 12, 64)": {
            "qps": 31492.9757877845,
            "avg_recall": 0.6192078850892482
        },
        "(40, 15, 80)": {
            "qps": 22963.7516147393,
            "avg_recall": 0.7102990965001903
        },
        "(48, 18, 96)": {
            "qps": 20435.4454608011,
            "avg_recall": 0.7629765410581566
        },
        "(56, 21, 112)": {
            "qps": 18892.9449900582,
            "avg_recall": 0.8076006170242602
        },
        "(64, 24, 128)": {
            "qps": 16924.9047763391,
            "avg_recall": 0.8286155017328766
        }
    },
    "gen_12_high": {
        "(32, 12, 64)": {
            "qps": 73178.616614015,
            "avg_recall": 0.015419011641353791
        },
        "(40, 15, 80)": {
            "qps": 69356.9953878222,
            "avg_recall": 0.01827152879500424
        },
        "(48, 18, 96)": {
            "qps": 41499.051651222,
            "avg_recall": 0.02282013722920361
        },
        "(56, 21, 112)": {
            "qps": 39712.2892300033,
            "avg_recall": 0.030240536581605124
        },
        "(64, 24, 128)": {
            "qps": 31160.3271998883,
            "avg_recall": 0.03910646827538355
        }
    },
    "gen_12_low": {
        "(32, 12, 64)": {
            "qps": 55279.6994137599,
            "avg_recall": 0.13523489584953394
        },
        "(40, 15, 80)": {
            "qps": 37156.7137200835,
            "avg_recall": 0.1869005775192593
        },
        "(48, 18, 96)": {
            "qps": 31254.4764223856,
            "avg_recall": 0.21620164442647255
        },
        "(56, 21, 112)": {
            "qps": 35706.1515979078,
            "avg_recall": 0.23217933165365434
        },
        "(64, 24, 128)": {
            "qps": 25513.6576025154,
            "avg_recall": 0.2770951921780874
        }
    },
    "gen_12_random": {
        "(32, 12, 64)": {
            "qps": 74126.6820548717,
            "avg_recall": 0.07736785795857526
        },
        "(40, 15, 80)": {
            "qps": 56177.1529440235,
            "avg_recall": 0.11249353865387621
        },
        "(48, 18, 96)": {
            "qps": 41406.1687274544,
            "avg_recall": 0.14053878610840637
        },
        "(56, 21, 112)": {
            "qps": 40480.8377052739,
            "avg_recall": 0.16241720461129744
        },
        "(64, 24, 128)": {
            "qps": 31532.1725436698,
            "avg_recall": 0.19331145491483046
        }
    }
}