{
    "gen_1_high": {
        "(32, 12, 64)": {
            "qps": 32321.5888455301,
            "avg_recall": 0.23464999999999997
        },
        "(40, 15, 80)": {
            "qps": 25061.3491803395,
            "avg_recall": 0.2694
        },
        "(48, 18, 96)": {
            "qps": 21445.748308769,
            "avg_recall": 0.2915
        },
        "(56, 21, 112)": {
            "qps": 18832.7604599068,
            "avg_recall": 0.30323
        },
        "(64, 24, 128)": {
            "qps": 16793.4104538241,
            "avg_recall": 0.31253000000000003
        }
    },
    "gen_1_low": {
        "(32, 12, 64)": {
            "qps": 29245.2627375541,
            "avg_recall": 0.6425099999999999
        },
        "(40, 15, 80)": {
            "qps": 22369.0049484131,
            "avg_recall": 0.72577
        },
        "(48, 18, 96)": {
            "qps": 15875.5142757752,
            "avg_recall": 0.7786299999999999
        },
        "(56, 21, 112)": {
            "qps": 13585.4597031076,
            "avg_recall": 0.81254
        },
        "(64, 24, 128)": {
            "qps": 13729.4988274637,
            "avg_recall": 0.8377100000000001
        }
    },
    "gen_1_random": {
        "(32, 12, 64)": {
            "qps": 32603.5117646805,
            "avg_recall": 0.6420899999999999
        },
        "(40, 15, 80)": {
            "qps": 26785.0725440744,
            "avg_recall": 0.73646
        },
        "(48, 18, 96)": {
            "qps": 20331.0598782995,
            "avg_recall": 0.79041
        },
        "(56, 21, 112)": {
            "qps": 17290.3801582804,
            "avg_recall": 0.82175
        },
        "(64, 24, 128)": {
            "qps": 15434.0874285428,
            "avg_recall": 0.85359
        }
    }
}